S2A_MSIL1C_20170126T073151_N0204_R049_T36JVP_20170126T075548,https://scihub.copernicus.eu/dhus/odata/v1/Products('dc05e391-3b3f-4287-b507-918f2bbf8970')
S2A_MSIL1C_20170126T073151_N0204_R049_T36JVQ_20170126T075548,https://scihub.copernicus.eu/dhus/odata/v1/Products('3815181d-46e5-44d3-9ea7-90832fbc750d')
S2A_MSIL1C_20170126T073151_N0204_R049_T36JVR_20170126T075548,https://scihub.copernicus.eu/dhus/odata/v1/Products('dbdd25cc-0ea9-4183-ac09-06d13d246f05')
S2A_MSIL1C_20170129T075211_N0204_R092_T36JVQ_20170129T080638,https://scihub.copernicus.eu/dhus/odata/v1/Products('e94af980-b1a5-451e-8879-65508bb38698')
S2A_MSIL1C_20170129T075211_N0204_R092_T36JVP_20170129T080638,https://scihub.copernicus.eu/dhus/odata/v1/Products('6bcb1012-ec6f-449f-b4a7-26d2c5792557')
S2A_MSIL1C_20170129T075211_N0204_R092_T36JVR_20170129T080638,https://scihub.copernicus.eu/dhus/odata/v1/Products('89e37ad4-5e9d-4248-9b38-7b2904ec8e73')
S2A_MSIL1C_20170119T074231_N0204_R092_T36JVQ_20170119T075734,https://scihub.copernicus.eu/dhus/odata/v1/Products('0e71e6bb-1f29-4b8f-89fc-e2263a031039')
S2A_MSIL1C_20170119T074231_N0204_R092_T36JVP_20170119T075734,https://scihub.copernicus.eu/dhus/odata/v1/Products('6ae9c65f-6268-4f30-9832-3e74fccec63d')
S2A_MSIL1C_20170119T074231_N0204_R092_T36JVR_20170119T075734,https://scihub.copernicus.eu/dhus/odata/v1/Products('1acb8183-a820-4261-b73c-ecf89835fabe')
S2A_MSIL1C_20170116T073231_N0204_R049_T36JVQ_20170116T075700,https://scihub.copernicus.eu/dhus/odata/v1/Products('95570057-00df-4a3a-ac63-5267af10dfff')
S2A_MSIL1C_20170116T073231_N0204_R049_T36JVR_20170116T075700,https://scihub.copernicus.eu/dhus/odata/v1/Products('d8c87cab-e137-4348-a9e2-2ac4c22b0ce3')
S2A_MSIL1C_20170116T073231_N0204_R049_T36JVP_20170116T075700,https://scihub.copernicus.eu/dhus/odata/v1/Products('cf4fc7dc-be53-457b-9703-2b1e91cc9a6f')
S2A_MSIL1C_20170106T074222_N0204_R049_T36JVQ_20170106T075259,https://scihub.copernicus.eu/dhus/odata/v1/Products('2e2da042-13d7-4bf5-a598-a8c89c4f12dd')
S2A_MSIL1C_20170106T074222_N0204_R049_T36JVR_20170106T075259,https://scihub.copernicus.eu/dhus/odata/v1/Products('16a2d2d6-2d30-471f-a7bf-3119cbe54b9f')
S2A_MSIL1C_20170106T074222_N0204_R049_T36JVP_20170106T075259,https://scihub.copernicus.eu/dhus/odata/v1/Products('a685d101-88d8-4de5-9a62-d7c8075dc96a')
S2A_MSIL1C_20161230T074322_N0204_R092_T36JVQ_20161230T080120,https://scihub.copernicus.eu/dhus/odata/v1/Products('9ee652f9-370f-457e-96cf-bf813fdd7e89')
S2A_MSIL1C_20161230T074322_N0204_R092_T36JVP_20161230T080120,https://scihub.copernicus.eu/dhus/odata/v1/Products('4fe77548-dcf3-4c27-bd5f-9e020f12284c')
S2A_MSIL1C_20161230T074322_N0204_R092_T36JVR_20161230T080120,https://scihub.copernicus.eu/dhus/odata/v1/Products('b976910d-5270-40db-b60c-5d7ae34db5fd')
S2A_MSIL1C_20161227T073322_N0204_R049_T36JVR_20161227T074710,https://scihub.copernicus.eu/dhus/odata/v1/Products('a2fb9ec7-e060-4bbd-92a7-dc75cedbd048')
S2A_MSIL1C_20161227T073322_N0204_R049_T36JVQ_20161227T074710,https://scihub.copernicus.eu/dhus/odata/v1/Products('c0c92da8-2798-40c8-b0d4-987373b82322')
S2A_MSIL1C_20161227T073322_N0204_R049_T36JVP_20161227T074710,https://scihub.copernicus.eu/dhus/odata/v1/Products('1ef2f1dc-a09a-46dd-9bb1-72ca8843e38b')
S2A_MSIL1C_20161220T075212_N0204_R092_T36JVR_20161220T075550,https://scihub.copernicus.eu/dhus/odata/v1/Products('d96a6b84-4ab3-4bc1-9b2a-78e63f5fc534')
S2A_MSIL1C_20161220T075212_N0204_R092_T36JVP_20161220T075550,https://scihub.copernicus.eu/dhus/odata/v1/Products('78a6f6f5-6fbc-43b7-8dee-5c8122ff838a')
S2A_MSIL1C_20161220T075212_N0204_R092_T36JVQ_20161220T075550,https://scihub.copernicus.eu/dhus/odata/v1/Products('5ca7fd01-62cc-4cbd-bff5-f7678fe57a0d')
S2A_MSIL1C_20161217T073322_N0204_R049_T36JVQ_20161217T074623,https://scihub.copernicus.eu/dhus/odata/v1/Products('97b282b3-ee00-4105-914e-6fe3fbde0b35')
